{"cameraMode":{"drawMode":0,"name":"Shaded","section":"Shading Mode"},"sceneLighting":true,"audioPlay":false,"sceneViewState":{"showFog":true,"showMaterialUpdate":false,"showSkybox":true,"showFlares":true,"showImageEffects":true,"showParticleSystems":true},"in2DMode":false,"pivot":{"x":-0.706831157207489,"y":-1.744700312614441,"z":91.11390686035156},"rotation":{"x":-0.23074190318584443,"y":0.18604430556297303,"z":-0.04499797895550728,"w":-0.9540026783943176},"size":6.357503414154053,"orthographic":false}